
[
  {
    "name":"Angel Lewis",
    "image": "https://images.pexels.com/photos/220453/pexels-photo-220453.jpeg?auto=compress&cs=tinysrgb&dpr=1&w=500",
    "location":"Seattle, WA"
  },
  {
    "name":"Justin Dean",
    "image": "https://images.pexels.com/photos/220453/pexels-photo-220453.jpeg?auto=compress&cs=tinysrgb&dpr=1&w=500",
    "location":"Muscatine, IA"
  },
  {
    "name":"Nora Blake",
    "image": "https://images.pexels.com/photos/220453/pexels-photo-220453.jpeg?auto=compress&cs=tinysrgb&dpr=1&w=500",
    "location":"Seattle, WA"
  },
  {
    "name":"Russell Fox",
    "image": "https://images.pexels.com/photos/220453/pexels-photo-220453.jpeg?auto=compress&cs=tinysrgb&dpr=1&w=500",
    "location":"Albuquerque, NM"
  },
  {
    "name":"Daryl Bradley",
    "image": "https://images.pexels.com/photos/220453/pexels-photo-220453.jpeg?auto=compress&cs=tinysrgb&dpr=1&w=500",
    "location":"Buckeystown, MD"
  },
  {
    "name":"Benjamin Gonzales",
    "image": "https://images.pexels.com/photos/220453/pexels-photo-220453.jpeg?auto=compress&cs=tinysrgb&dpr=1&w=500",
    "location":"Atlanta, GA"
  },
  {
    "name":"Viola Francis",
    "image": "https://images.pexels.com/photos/220453/pexels-photo-220453.jpeg?auto=compress&cs=tinysrgb&dpr=1&w=500",
    "location":"Zanesville, OH"
  },
  {
    "name":"Reginald Benson",
    "image": "https://images.pexels.com/photos/220453/pexels-photo-220453.jpeg?auto=compress&cs=tinysrgb&dpr=1&w=500",
    "location":"Gilbert, AZ"
  },
  {
    "name":"Glenda Ray",
    "image": "https://images.pexels.com/photos/220453/pexels-photo-220453.jpeg?auto=compress&cs=tinysrgb&dpr=1&w=500",
    "location":"Baltimore, MD"
  },
  {
    "name":"Paula Vargas",
    "image": "https://images.pexels.com/photos/220453/pexels-photo-220453.jpeg?auto=compress&cs=tinysrgb&dpr=1&w=500",
    "location":"Baltimore, MD"
  },
  {
    "name":"Mark Armstrong",
    "image": "https://images.pexels.com/photos/220453/pexels-photo-220453.jpeg?auto=compress&cs=tinysrgb&dpr=1&w=500",
    "location":"Hallandale Beach, FL"
  },
  {
    "name":"Jaime Campbell",
    "image": "https://images.pexels.com/photos/220453/pexels-photo-220453.jpeg?auto=compress&cs=tinysrgb&dpr=1&w=500",
    "location":"Zanesville, OH"
  },
  {
    "name":"Mike Beck",
    "image": "https://images.pexels.com/photos/220453/pexels-photo-220453.jpeg?auto=compress&cs=tinysrgb&dpr=1&w=500",
    "location":"Garner, NC"
  },
  {
    "name":"Ann Lowe",
    "image": "https://images.pexels.com/photos/220453/pexels-photo-220453.jpeg?auto=compress&cs=tinysrgb&dpr=1&w=500",
    "location":"Cabin John, MD"
  },
  {
    "name":"Ryan Wolfe",
    "image": "https://images.pexels.com/photos/220453/pexels-photo-220453.jpeg?auto=compress&cs=tinysrgb&dpr=1&w=500",
    "location":"Los Angeles, CA"
  },
  {
    "name":"Dwayne Gutierrez",
    "image": "https://images.pexels.com/photos/220453/pexels-photo-220453.jpeg?auto=compress&cs=tinysrgb&dpr=1&w=500",
    "location":"San Jose, CA"
  },
  {
    "name":"Bill Burke",
    "image": "https://images.pexels.com/photos/220453/pexels-photo-220453.jpeg?auto=compress&cs=tinysrgb&dpr=1&w=500",
    "location":"Bakersfield, CA"
  }
]